"event_year","is_pre","y_treated","y_synth","effect","effect_demeaned","pre_mean_effect"
-5,TRUE,1,0.940014054512259,0.0599859454877408,0.00580746283328003,0.0541784826544608
-4,TRUE,0.2,0.15470105421726,0.0452989457827403,-0.00887953687172054,0.0541784826544608
-3,TRUE,0.833333333333333,0.775993210588221,0.0573401227451127,0.00316164009065188,0.0541784826544608
-2,TRUE,1,0.938505059221012,0.0614949407789879,0.00731645812452707,0.0541784826544608
-1,TRUE,0.5,0.453227541522278,0.0467724584777224,-0.00740602417673843,0.0541784826544608
0,FALSE,0,0.598713267938925,-0.598713267938925,-0.652891750593386,0.0541784826544608
1,FALSE,0,0.533382299993303,-0.533382299993303,-0.587560782647764,0.0541784826544608
2,FALSE,0,0.615623238997414,-0.615623238997414,-0.669801721651875,0.0541784826544608
