"event_year","is_pre","y_treated","y_synth","effect","effect_demeaned","pre_mean_effect"
-5,TRUE,1,0.999415135960874,0.000584864039125832,0.0120396560782189,-0.011454792039093
-4,TRUE,0,0.0169562308978837,-0.0169562308978837,-0.00550143885879068,-0.011454792039093
-3,TRUE,0,0.0176722762079327,-0.0176722762079327,-0.00621748416883963,-0.011454792039093
-1,TRUE,0.421052631578947,0.432828156668629,-0.0117755250896816,-0.000320733050588566,-0.011454792039093
0,FALSE,0,0.46316997920794,-0.46316997920794,-0.451715187168847,-0.011454792039093
1,FALSE,0,0.446510024696541,-0.446510024696541,-0.435055232657448,-0.011454792039093
