"event_year","is_pre","y_treated","y_synth","effect","effect_demeaned","pre_mean_effect"
-5,TRUE,0.5,0.80058004254549,-0.30058004254549,-0.00024173272756467,-0.300338309817925
-4,TRUE,0.6,0.899274566672028,-0.299274566672028,0.00106374314589719,-0.300338309817925
-3,TRUE,0.166666666666667,0.467989224834886,-0.301322558168219,-0.000984248350294092,-0.300338309817925
-2,TRUE,0.5,0.799241180143368,-0.299241180143368,0.00109712967455711,-0.300338309817925
-1,TRUE,0,0.30127320156052,-0.30127320156052,-0.000934891742595423,-0.300338309817925
0,FALSE,0,0.523559192639296,-0.523559192639296,-0.223220882821371,-0.300338309817925
1,FALSE,0,0.549968749761216,-0.549968749761216,-0.249630439943291,-0.300338309817925
2,FALSE,0,0.521349557217344,-0.521349557217344,-0.221011247399419,-0.300338309817925
