"event_year","is_pre","y_treated","y_synth","effect","effect_demeaned","pre_mean_effect"
-5,TRUE,0.4,0.906839063808456,-0.506839063808456,0.00037071464691274,-0.507209778455368
-4,TRUE,0.125,0.632300866887238,-0.507300866887238,-9.10884318700012e-05,-0.507209778455368
-3,TRUE,0,0.50736721486754,-0.50736721486754,-0.00015743641217203,-0.507209778455368
-2,TRUE,0,0.507254392136583,-0.507254392136583,-4.46136812145559e-05,-0.507209778455368
-1,TRUE,0,0.507287354577024,-0.507287354577024,-7.75761216561532e-05,-0.507209778455368
0,FALSE,0,0.577583747511211,-0.577583747511211,-0.070373969055843,-0.507209778455368
1,FALSE,0,0.588892723424177,-0.588892723424177,-0.0816829449688089,-0.507209778455368
