"event_year","is_pre","y_treated","y_synth","effect","effect_demeaned","pre_mean_effect"
-5,TRUE,1,0.875149484411039,0.124850515588961,0.000361081502231492,0.124489434086729
-4,TRUE,1,0.874754445433149,0.125245554566851,0.000756120480121553,0.124489434086729
-3,TRUE,0.708333333333333,0.583982344498702,0.124350988834631,-0.000138445252098579,0.124489434086729
-2,TRUE,0.4375,0.313669931696353,0.123830068303647,-0.000659365783082649,0.124489434086729
-1,TRUE,0.542857142857143,0.418687099717585,0.124170043139558,-0.000319390947171844,0.124489434086729
0,FALSE,0.136363636363636,0.492802617214443,-0.356438980850807,-0.480928414937536,0.124489434086729
1,FALSE,0.108108108108108,0.560809283457335,-0.452701175349227,-0.577190609435956,0.124489434086729
2,FALSE,0.0666666666666667,0.60838552059658,-0.541718853929913,-0.666208288016643,0.124489434086729
3,FALSE,0.1,0.56814746851888,-0.46814746851888,-0.59263690260561,0.124489434086729
