"event_year","is_pre","y_treated","y_synth","effect","effect_demeaned","pre_mean_effect"
-5,TRUE,1,0.983546880749989,0.0164531192500106,0.00350280261689906,0.0129503166331115
-4,TRUE,1,0.982285737301667,0.0177142626983327,0.00476394606522113,0.0129503166331115
-3,TRUE,1,0.983067631695183,0.0169323683048166,0.00398205167170507,0.0129503166331115
-2,TRUE,1,0.980241098988706,0.0197589010112939,0.00680858437818233,0.0129503166331115
-1,TRUE,0,0.00610706809889607,-0.00610706809889607,-0.0190573847320076,0.0129503166331115
0,FALSE,0,0.331010931401181,-0.331010931401181,-0.343961248034292,0.0129503166331115
1,FALSE,0,0.37973401569009,-0.37973401569009,-0.392684332323202,0.0129503166331115
2,FALSE,0,0.414395728507608,-0.414395728507608,-0.427346045140719,0.0129503166331115
