"event_year","is_pre","y_treated","y_synth","effect","effect_demeaned","pre_mean_effect"
-4,TRUE,1,0.95037357838913,0.0496264216108698,-1.06281480244386e-06,0.0496274844256723
-3,TRUE,1,0.950371762135283,0.0496282378647166,7.53439044320903e-07,0.0496274844256723
-2,TRUE,1,0.950372444588954,0.0496275554110462,7.0985373967769e-08,0.0496274844256723
-1,TRUE,1,0.950372277183944,0.0496277228160564,2.38390384155185e-07,0.0496274844256723
0,FALSE,0,0.951260620486194,-0.951260620486194,-1.00088810491187,0.0496274844256723
