"event_year","is_pre","y_treated","y_synth","effect","effect_demeaned","pre_mean_effect"
-4,TRUE,0,0.208490952303517,-0.208490952303517,-0.00109072876617075,-0.207400223537346
-3,TRUE,0,0.208483951996336,-0.208483951996336,-0.0010837284589896,-0.207400223537346
-2,TRUE,0.75,0.955225766312186,-0.205225766312186,0.00217445722516033,-0.207400223537346
0,FALSE,0,0.647417153423238,-0.647417153423238,-0.440016929885892,-0.207400223537346
1,FALSE,0,0.699609755495147,-0.699609755495147,-0.492209531957801,-0.207400223537346
2,FALSE,0,0.639120380170706,-0.639120380170706,-0.43172015663336,-0.207400223537346
